Workbook

Sheet 스킬
A1: 키 | B1: 스킬 | C1: 영문 | D1: 효과 | E1: 수동 쿨타임(초) | F1: 마나 비용 | G1: 자동 쿨타임(초) | H1: 1타 피해 | I1: 타수 | J1: 추가 피해 | K1: 시전당 피해 | L1: 자동 초당 피해 | M1: 비고
A2: 1 | B2: 패닝 | C2: Fan Fire | D2: 리볼버 6연발을 부채꼴로 연사 | E2: 0.6 | F2: =ROUND(설정!$B$2+E2*설정!$B$3,0) -> 17 | G2: 1.2 | H2: 22 | I2: 6 | J2: 0 | K2: =H2*I2+J2 -> 132 | L2: =IFERROR(K2/G2,0) -> 110
A3: 2 | B3: 산탄총 | C3: Scattergun | D3: 근거리에 산탄 12발 확산 | E3: 0.5 | F3: =ROUND(설정!$B$2+E3*설정!$B$3,0) -> 15 | G3: 1.4 | H3: 14 | I3: 12 | J3: 0 | K3: =H3*I3+J3 -> 168 | L3: =IFERROR(K3/G3,0) -> 120
A4: 3 | B4: 작살 | C4: Harpoon | D4: 관통 + 2.2초 기절, 당길 때 추가 피해 | E4: 0.9 | F4: =ROUND(설정!$B$2+E4*설정!$B$3,0) -> 22 | G4: 2.2 | H4: 40 | I4: 1 | J4: 55 | K4: =H4*I4+J4 -> 95 | L4: =IFERROR(K4/G4,0) -> 43.181818 | M4: 대상 1개 기준. 관통하면 맞은 운석마다 적용
A5: 4 | B5: 근접 기뢰 | C5: Prox Mine | D5: 접근 시 또는 7초 후 폭발 (반경 115) | E5: 0.5 | F5: =ROUND(설정!$B$2+E5*설정!$B$3,0) -> 15 | G5: 2 | H5: 120 | I5: 1 | J5: 0 | K5: =H5*I5+J5 -> 120 | L5: =IFERROR(K5/G5,0) -> 60 | M5: 범위 피해
A6: 5 | B6: 궤도 포격 | C6: Orbital Strike | D6: 1초 조준 후 수직 빔 (0.6초) | E6: 1.4 | F6: =ROUND(설정!$B$2+E6*설정!$B$3,0) -> 31 | G6: 3.4 | H6: 180 | I6: 1 | J6: 36 | K6: =H6*I6+J6 -> 216 | L6: =IFERROR(K6/G6,0) -> 63.529412 | M6: 추가 피해 = 지속 12 × 약 3회 (근사)
A7: 6 | B7: 저격 | C7: Long Shot | D7: 0.45초 조준선 후 화면 끝까지 관통 | E7: 1 | F7: =ROUND(설정!$B$2+E7*설정!$B$3,0) -> 24 | G7: 2.4 | H7: 170 | I7: 1 | J7: 0 | K7: =H7*I7+J7 -> 170 | L7: =IFERROR(K7/G7,0) -> 70.833333 | M7: 선상의 모든 운석에 적용
A8: 7 | B8: 소형 미사일 | C8: Micro Missiles | D8: 유도 미사일 8발 | E8: 1 | F8: =ROUND(설정!$B$2+E8*설정!$B$3,0) -> 24 | G8: 2.6 | H8: 38 | I8: 8 | J8: 0 | K8: =H8*I8+J8 -> 304 | L8: =IFERROR(K8/G8,0) -> 116.92308 | M8: 명중 시 반경 40 폭발 19 별도
A9: 8 | B9: 공중 지원 | C9: Air Strafe | D9: 건십이 지나가며 예광탄 사격 | E9: 1.8 | F9: =ROUND(설정!$B$2+E9*설정!$B$3,0) -> 38 | G9: 4.5 | H9: 16 | I9: 25 | J9: 0 | K9: =H9*I9+J9 -> 400 | L9: =IFERROR(K9/G9,0) -> 88.888889 | M9: 타수는 화면 폭 기준 근사 (0.045초 간격 × 1.15초)
A10: 9 | B10: 재즈 세션 | C10: Jam Session | D10: 6초 동안 코어 공격 속도 증가 | E10: 3 | F10: =ROUND(설정!$B$2+E10*설정!$B$3,0) -> 60 | G10: 9 | H10: 0 | I10: 0 | J10: 0 | K10: =H10*I10+J10 -> 0 | L10: =IFERROR(K10/G10,0) -> 0 | M10: 피해 없음 · 버프
A12: 파란 글씨 셀을 바꾸면 마나 비용·시전당 피해·초당 피해가 다시 계산됩니다. 마나 공식은 설정 탭에 있습니다.

Sheet 설정
A1: 항목 | B1: 값 | C1: 설명
A2: 마나 기본값 | B2: 6 | C2: 마나 비용 = ROUND(기본값 + 수동 쿨타임 × 계수)
A3: 마나 계수 | B3: 18
A4: 최대 마나 | B4: 100
A5: 초당 마나 재생 | B5: 8
A6: 재즈 세션 공속 증가 | B6: 0.45 | C6: 6초 동안 코어 공격 속도 증가
A8: 파란 글씨 = 직접 입력하는 값 (게임 코드 DMG·AUTO_CD 표와 같은 값). 검은 글씨 = 수식.
